createTime, updateTime, symbol, expiry, filledAmount, price, orderType, leverage, strategyTag, orderStatus, orderID, fillPrice
1551669872.8021283, 1551669872693, pax_usdt, None, 0.0, 0, 23, 1, smm, 3, 155166987200, 0.0
1551669872.8043408, 1551669872769, pax_usdt, None, 0.0, 0, 23, 1, smm, 3, 155166987201, 0.0
1551669876.731599, 1551669876699, pax_usdt, None, 0.0, 0, 23, 1, smm, 5, 155166987200, 0.0
1551669877.1729064, 1551669877068, btc_pax, None, 0.0, 0, 23, 1, smm_btc, 3, 155166987703, 0.0
1551669877.1759052, 1551669877141, btc_pax, None, 0.0, 0, 23, 1, smm_btc, 3, 155166987704, 0.0
1551669877.734651, 1551669877700, pax_usdt, None, 0.0, 0, 23, 1, smm, 3, 155166987705, 0.0
1551669878.8067334, 1551669878706, pax_usdt, None, 0.0, 0, 23, 1, smm, 5, 155166987705, 0.0
1551669878.8094223, 1551669878777, pax_usdt, None, 0.0, 0, 23, 1, smm, 5, 155166987201, 0.0
1551669879.9810753, 1551669879709, pax_usdt, None, 0.0, 0, 23, 1, smm1, 3, 155166987908, 0.0
1551669879.9831674, 1551669879787, pax_usdt, None, 0.0, 0, 23, 1, smm1, 3, 155166987909, 0.0
1551669879.9853501, 1551669879858, pax_usdt, None, 0.0, 0, 23, 1, smm, 3, 155166987910, 0.0
1551669879.9875426, 1551669879942, pax_usdt, None, 0.0, 0, 23, 1, smm, 3, 155166987911, 0.0
1551669880.99022, 1551669880891, btc_pax, None, 0.0, 0, 23, 1, smm1_btc, 3, 155166988012, 0.0
1551669880.9928024, 1551669880960, btc_pax, None, 0.0, 0, 23, 1, smm1_btc, 3, 155166988013, 0.0
1551669881.8106148, 1551669881705, pax_usdt, None, 0.0, 0, 23, 1, smm, 5, 155166987910, 0.0
1551669881.813215, 1551669881781, pax_usdt, None, 0.0, 0, 23, 1, smm, 5, 155166987911, 0.0
1551669882.8224623, 1551669882714, pax_usdt, None, 0.0, 0, 23, 1, smm, 3, 155166988216, 0.0
1551669882.8245447, 1551669882791, pax_usdt, None, 0.0, 0, 23, 1, smm, 3, 155166988217, 0.0
1551669883.044464, 1551669883014, pax_usdt, None, 227.36, 0, 23, 1, smm1, 3, 155166987908, 1.0054
1551669883.1686356, 1551669883137, pax_usdt, None, 1000.0, 0, 23, 1, smm1, 4, 155166987908, 1.0054
1551669883.1705487, 1551669883137, pax_usdt, None, 882.14, 0, 23, 1, smm, 3, 155166988216, 1.0054
1551669883.266301, 1551669883234, pax_usdt, None, 3076.23, 0, 23, 1, smm, 3, 155166988216, 1.0054
1551669883.3802605, 1551669883349, pax_usdt, None, 4635.36, 0, 23, 1, smm, 3, 155166988216, 1.0054
1551669883.4743168, 1551669883443, pax_usdt, None, 6840.53, 0, 23, 1, smm, 3, 155166988216, 1.0054
1551669883.5894353, 1551669883558, pax_usdt, None, 8000.0, 0, 23, 1, smm, 4, 155166988216, 1.0054
1551669884.92354, 1551669884889, btc_pax, None, 0.0, 0, 23, 1, smm_btc, 5, 155166987703, 0.0
1551669885.9965456, 1551669885894, btc_pax, None, 0.0, 0, 23, 1, smm_btc, 3, 155166988519, 0.0
1551669885.9992845, 1551669885963, btc_pax, None, 0.0, 0, 23, 1, smm_btc, 5, 155166987704, 0.0
1551669886.9938264, 1551669886891, btc_pax, None, 0.0, 0, 23, 1, smm_btc, 5, 155166988519, 0.0
1551669886.9964128, 1551669886963, btc_pax, None, 0.0, 0, 23, 1, smm_btc, 3, 155166988622, 0.0
1551669887.9232984, 1551669887891, btc_pax, None, 0.0, 0, 23, 1, smm_btc, 3, 155166988723, 0.0
1551669889.9375513, 1551669889906, btc_pax, None, 0.0, 0, 23, 1, smm_btc, 5, 155166988622, 0.0
1551669890.204436, 1551669890173, pax_usdt, None, 0.0, 0, 23, 1, smm, 3, 155166989025, 0.0
1551669891.008604, 1551669890904, btc_pax, None, 0.0, 0, 23, 1, smm_btc, 3, 155166989026, 0.0
1551669891.0108964, 1551669890974, btc_pax, None, 0.0, 0, 23, 1, smm1_btc, 5, 155166988012, 0.0
1551669891.9368944, 1551669891904, btc_pax, None, 0.0, 0, 23, 1, smm_btc, 5, 155166988723, 0.0
1551669892.9444504, 1551669892913, btc_pax, None, 0.0, 0, 23, 1, smm_btc, 3, 155166989229, 0.0
1551669893.976762, 1551669893945, pax_usdt, None, 10.45, 0, 23, 1, smm1, 3, 155166987909, 1.0055
1551669894.0230484, 1551669893992, pax_usdt, None, 20.9, 0, 23, 1, smm1, 3, 155166987909, 1.0055
1551669894.07938, 1551669894039, pax_usdt, None, 31.35, 0, 23, 1, smm1, 3, 155166987909, 1.0055
1551669894.1179967, 1551669894086, pax_usdt, None, 41.8, 0, 23, 1, smm1, 3, 155166987909, 1.0055
1551669894.166675, 1551669894135, pax_usdt, None, 52.25, 0, 23, 1, smm1, 3, 155166987909, 1.0055
1551669896.3468843, 1551669896305, btc_pax, None, 0.162717, 0, 23, 1, smm1_btc, 3, 155166988013, 3784.35
1551669899.0941806, 1551669899063, btc_pax, None, 0.2, 0, 23, 1, smm1_btc, 4, 155166988013, 3784.35
1551669900.3055778, 1551669900273, pax_usdt, None, 0.0, 0, 23, 1, smm1, 3, 155166990030, 0.0
1551669901.3018246, 1551669901271, pax_usdt, None, 0.0, 0, 23, 1, smm, 5, 155166989025, 0.0
1551669901.5573866, 1551669901523, btc_pax, None, 0.0, 0, 23, 1, smm1_btc, 3, 155166990132, 0.0
1551669902.3063412, 1551669902274, pax_usdt, None, 0.0, 0, 23, 1, smm, 3, 155166990233, 0.0
1551669911.1969025, 1551669911163, pax_usdt, None, 0.0, 0, 23, 1, smm1, 5, 155166990030, 0.0
1551669912.193435, 1551669912162, pax_usdt, None, 0.0, 0, 23, 1, smm, 5, 155166990233, 0.0
1551669913.1924427, 1551669913160, pax_usdt, None, 0.0, 0, 23, 1, smm, 3, 155166991336, 0.0
1551669914.1645586, 1551669914063, btc_pax, None, 0.0, 0, 23, 1, smm1_btc, 5, 155166990132, 0.0
1551669914.167038, 1551669914132, btc_pax, None, 0.0, 0, 23, 1, smm1_btc, 3, 155166991438, 0.0
1551669916.1014674, 1551669916069, btc_pax, None, 0.0, 0, 23, 1, smm_btc, 5, 155166989026, 0.0
1551669916.455249, 1551669916423, pax_usdt, None, 62.7, 0, 23, 1, smm1, 3, 155166987909, 1.0055
1551669916.5040839, 1551669916472, pax_usdt, None, 73.15, 0, 23, 1, smm1, 3, 155166987909, 1.0055
1551669916.5521784, 1551669916521, pax_usdt, None, 83.6, 0, 23, 1, smm1, 3, 155166987909, 1.0055
1551669916.6062024, 1551669916574, pax_usdt, None, 94.05, 0, 23, 1, smm1, 3, 155166987909, 1.0055
1551669916.6533504, 1551669916622, pax_usdt, None, 104.5, 0, 23, 1, smm1, 3, 155166987909, 1.0055
1551669918.6857283, 1551669918651, btc_pax, None, 0.0, 0, 23, 1, smm_btc, 3, 155166991840, 0.0
1551669918.9466536, 1551669918914, pax_usdt, None, 114.95, 0, 23, 1, smm1, 3, 155166987909, 1.0055
1551669918.994362, 1551669918963, pax_usdt, None, 125.4, 0, 23, 1, smm1, 3, 155166987909, 1.0055
1551669919.0417645, 1551669919010, pax_usdt, None, 135.85, 0, 23, 1, smm1, 3, 155166987909, 1.0055
1551669919.0868356, 1551669919055, pax_usdt, None, 146.3, 0, 23, 1, smm1, 3, 155166987909, 1.0055
1551669919.1316247, 1551669919099, pax_usdt, None, 156.75, 0, 23, 1, smm1, 3, 155166987909, 1.0055
1551669921.1379645, 1551669921107, pax_usdt, None, 1538.18, 0, 23, 1, smm, 3, 155166991336, 1.0052
1551669921.3291817, 1551669921298, pax_usdt, None, 167.2, 0, 23, 1, smm1, 3, 155166987909, 1.0055
1551669921.3789735, 1551669921337, pax_usdt, None, 177.65, 0, 23, 1, smm1, 3, 155166987909, 1.0055
1551669921.4094644, 1551669921378, pax_usdt, None, 188.1, 0, 23, 1, smm1, 3, 155166987909, 1.0055
1551669921.453149, 1551669921422, pax_usdt, None, 198.55, 0, 23, 1, smm1, 3, 155166987909, 1.0055
1551669921.504711, 1551669921473, pax_usdt, None, 209.0, 0, 23, 1, smm1, 3, 155166987909, 1.0055
1551669922.1852427, 1551669922082, pax_usdt, None, 0.0, 0, 23, 1, smm1, 3, 155166992241, 0.0
1551669922.187998, 1551669922152, pax_usdt, None, 1538.18, 0, 23, 1, smm, 5, 155166991336, 0.0
1551669923.1163976, 1551669923085, pax_usdt, None, 0.0, 0, 23, 1, smm, 3, 155166992343, 0.0
1551669924.3400066, 1551669924094, btc_pax, None, 0.0, 0, 23, 1, smm_btc, 5, 155166989229, 0.0
1551669924.3425264, 1551669924162, btc_pax, None, 0.0, 0, 23, 1, smm_btc, 5, 155166991840, 0.0
1551669924.3446503, 1551669924237, btc_pax, None, 0.0, 0, 23, 1, smm1_btc, 3, 155166992446, 0.0
1551669924.3471148, 1551669924310, btc_pax, None, 0.0, 0, 23, 1, smm1_btc, 5, 155166991438, 0.0
1551669924.3858209, 1551669924346, btc_pax, None, 0.003275, 0, 23, 1, smm1_btc, 3, 155166992446, 3783.17
1551669925.3262954, 1551669925295, btc_pax, None, 0.006037, 0, 23, 1, smm1_btc, 3, 155166992446, 3783.17
1551669926.2100947, 1551669926097, btc_pax, None, 0.0, 0, 23, 1, smm_btc, 3, 155166992648, 0.0
1551669926.2135987, 1551669926178, btc_pax, None, 0.0, 0, 23, 1, smm_btc, 3, 155166992649, 0.0
1551669926.3506572, 1551669926319, btc_pax, None, 0.008799, 0, 23, 1, smm1_btc, 3, 155166992446, 3783.17
1551669926.6117032, 1551669926580, pax_usdt, None, 219.45, 0, 23, 1, smm1, 3, 155166987909, 1.0055
1551669926.6785326, 1551669926647, pax_usdt, None, 229.9, 0, 23, 1, smm1, 3, 155166987909, 1.0055
1551669926.7484407, 1551669926716, pax_usdt, None, 240.35, 0, 23, 1, smm1, 3, 155166987909, 1.0055
1551669926.8001683, 1551669926768, pax_usdt, None, 250.8, 0, 23, 1, smm1, 3, 155166987909, 1.0055
1551669926.8626132, 1551669926831, pax_usdt, None, 261.25, 0, 23, 1, smm1, 3, 155166987909, 1.0055
1551669927.208233, 1551669927098, btc_pax, None, 0.0, 0, 23, 1, smm_btc, 5, 155166992648, 0.0
1551669927.2105849, 1551669927172, btc_pax, None, 0.0, 0, 23, 1, smm_btc, 5, 155166992649, 0.0
1551669927.3974977, 1551669927362, btc_pax, None, 0.011561, 0, 23, 1, smm1_btc, 3, 155166992446, 3783.17
1551669928.2041795, 1551669928104, btc_pax, None, 0.0, 0, 23, 1, smm_btc, 3, 155166992852, 0.0
1551669928.2065303, 1551669928173, btc_pax, None, 0.0, 0, 23, 1, smm_btc, 3, 155166992853, 0.0
1551669928.4495878, 1551669928418, btc_pax, None, 0.014323, 0, 23, 1, smm1_btc, 3, 155166992446, 3783.17
1551669929.4641225, 1551669929433, btc_pax, None, 0.017085, 0, 23, 1, smm1_btc, 3, 155166992446, 3783.17
1551669929.669645, 1551669929639, btc_pax, None, 0.022342, 0, 23, 1, smm1_btc, 3, 155166992446, 3783.17
1551669929.7848353, 1551669929754, btc_pax, None, 0.027599, 0, 23, 1, smm1_btc, 3, 155166992446, 3783.17
1551669930.497137, 1551669930466, pax_usdt, None, 1000.0, 0, 23, 1, smm1, 4, 155166992241, 1.0051
1551669931.1287282, 1551669931098, pax_usdt, None, 0.0, 0, 23, 1, smm, 5, 155166992343, 0.0
1551669932.279007, 1551669932101, pax_usdt, None, 261.25, 0, 23, 1, smm1, 5, 155166987909, 0.0
1551669932.2823517, 1551669932173, pax_usdt, None, 0.0, 0, 23, 1, smm, 3, 155166993256, 0.0
1551669932.2850113, 1551669932248, btc_pax, None, 0.0, 0, 23, 1, smm_btc, 5, 155166992852, 0.0
1551669933.150632, 1551669933120, pax_usdt, None, 0.0, 0, 23, 1, smm, 5, 155166988217, 0.0
1551669934.1547036, 1551669934122, btc_pax, None, 0.0, 0, 23, 1, smm_btc, 3, 155166993459, 0.0
1551669935.3180492, 1551669935118, btc_pax, None, 0.027599, 0, 23, 1, smm1_btc, 5, 155166992446, 0.0
1551669935.3212655, 1551669935195, btc_pax, None, 0.0, 0, 23, 1, smm1_btc, 3, 155166993561, 0.0
1551669935.328957, 1551669935287, pax_usdt, None, 0.0, 0, 23, 1, smm, 3, 155166993562, 0.0
1551669942.9584384, 1551669942927, pax_usdt, None, 0.0, 0, 23, 1, smm1, 3, 155166994263, 0.0
1551669943.483035, 1551669943450, btc_pax, None, 0.0, 0, 23, 1, smm_btc, 5, 155166993459, 0.0
1551669944.4989526, 1551669944467, btc_pax, None, 0.0, 0, 23, 1, smm_btc, 3, 155166994465, 0.0
1551669945.4922493, 1551669945461, btc_pax, None, 0.0, 0, 23, 1, smm1_btc, 3, 155166994566, 0.0
1551669948.6143062, 1551669948581, btc_pax, None, 0.0, 0, 23, 1, smm_btc, 5, 155166992853, 0.0
1551669949.4178872, 1551669949376, pax_usdt, None, 11.41, 0, 23, 1, smm1, 3, 155166994263, 1.0051
1551669950.5732453, 1551669950473, btc_pax, None, 0.0, 0, 23, 1, smm_btc, 5, 155166994465, 0.0
1551669950.5762153, 1551669950540, btc_pax, None, 0.0, 0, 23, 1, smm_btc, 3, 155166995069, 0.0
1551669951.094155, 1551669951063, btc_pax, None, 1.6e-05, 0, 23, 1, smm1_btc, 3, 155166994566, 3783.18
1551669951.1001902, 1551669951069, btc_pax, None, 0.115016, 0, 23, 1, smm1_btc, 3, 155166994566, 3783.18
1551669952.5132346, 1551669952475, btc_pax, None, 0.0, 0, 23, 1, smm_btc, 3, 155166995270, 0.0
1551669953.2469113, 1551669953215, pax_usdt, None, 0.0, 0, 23, 1, smm, 5, 155166993256, 0.0
1551669954.2481365, 1551669954216, pax_usdt, None, 0.0, 0, 23, 1, smm, 3, 155166995472, 0.0
1551669955.0976956, 1551669955067, btc_pax, None, 0.172396, 0, 23, 1, smm1_btc, 3, 155166994566, 3783.18
1551669955.1019638, 1551669955071, btc_pax, None, 0.172401, 0, 23, 1, smm1_btc, 4, 155166994566, 3783.18
1551669959.8737786, 1551669959769, btc_pax, None, 0.0, 0, 23, 1, smm_btc, 5, 155166995270, 0.0
1551669959.8761094, 1551669959841, btc_pax, None, 0.0, 0, 23, 1, smm_btc, 5, 155166995069, 0.0
1551669959.9677823, 1551669959935, pax_usdt, None, 0.0, 0, 23, 1, smm, 5, 155166995472, 0.0
1551669960.802055, 1551669960768, btc_pax, None, 0.0, 0, 23, 1, smm_btc, 3, 155166996076, 0.0
1551669960.9807422, 1551669960948, pax_usdt, None, 0.0, 0, 23, 1, smm, 3, 155166996077, 0.0
1551669961.6551824, 1551669961624, pax_usdt, None, 21.86, 0, 23, 1, smm1, 3, 155166994263, 1.0051
1551669961.7228427, 1551669961692, pax_usdt, None, 32.31, 0, 23, 1, smm1, 3, 155166994263, 1.0051
1551669961.8115106, 1551669961760, pax_usdt, None, 42.76, 0, 23, 1, smm1, 3, 155166994263, 1.0051
1551669961.8137307, 1551669961780, btc_pax, None, 0.0, 0, 23, 1, smm_btc, 3, 155166996178, 0.0
1551669961.8858354, 1551669961854, pax_usdt, None, 53.21, 0, 23, 1, smm1, 3, 155166994263, 1.0051
1551669961.9799929, 1551669961915, pax_usdt, None, 63.66, 0, 23, 1, smm1, 3, 155166994263, 1.0051
1551669961.9826999, 1551669961950, pax_usdt, None, 0.0, 0, 23, 1, smm, 5, 155166996077, 0.0
1551669962.989913, 1551669962956, pax_usdt, None, 0.0, 0, 23, 1, smm, 3, 155166996280, 0.0
1551669963.8698978, 1551669963768, btc_pax, None, 0.0, 0, 23, 1, smm_btc, 5, 155166996178, 0.0
1551669963.8731275, 1551669963840, btc_pax, None, 0.0, 0, 23, 1, smm_btc, 5, 155166996076, 0.0
1551669964.8690114, 1551669964772, btc_pax, None, 0.0, 0, 23, 1, smm_btc, 3, 155166996483, 0.0
1551669964.871303, 1551669964837, btc_pax, None, 0.0, 0, 23, 1, smm_btc, 3, 155166996484, 0.0
1551669964.987877, 1551669964957, pax_usdt, None, 0.0, 0, 23, 1, smm, 5, 155166993562, 0.0
1551669965.9157457, 1551669965792, btc_pax, None, 0.0, 0, 23, 1, smm_btc, 5, 155166996483, 0.0
1551669965.918442, 1551669965878, btc_pax, None, 0.0, 0, 23, 1, smm1_btc, 5, 155166993561, 0.0
1551669965.9927042, 1551669965960, pax_usdt, None, 0.0, 0, 23, 1, smm, 3, 155166996588, 0.0
1551669966.821838, 1551669966789, btc_pax, None, 0.0, 0, 23, 1, smm_btc, 3, 155166996689, 0.0
1551669966.9966257, 1551669966964, pax_usdt, None, 0.0, 0, 23, 1, smm, 5, 155166996588, 0.0
1551669967.9890656, 1551669967957, pax_usdt, None, 0.0, 0, 23, 1, smm, 3, 155166996791, 0.0
1551669968.1021829, 1551669968071, btc_pax, None, 0.8, 0, 23, 1, smm_btc, 4, 155166996689, 3780.6
1551669968.2260327, 1551669968194, pax_usdt, None, 738.75, 0, 23, 1, smm1, 4, 155166994263, 1.0051
1551669968.988894, 1551669968956, pax_usdt, None, 0.0, 0, 23, 1, smm, 5, 155166996791, 0.0
1551669969.9860165, 1551669969953, pax_usdt, None, 0.0, 0, 23, 1, smm, 3, 155166996993, 0.0
1551669974.1864655, 1551669974153, btc_pax, None, 0.0, 0, 23, 1, smm_btc, 5, 155166996484, 0.0
1551669974.9852324, 1551669974954, pax_usdt, None, 0.0, 0, 23, 1, smm, 5, 155166996993, 0.0
1551669975.9868188, 1551669975956, pax_usdt, None, 0.0, 0, 23, 1, smm, 3, 155166997596, 0.0
1551669977.0580273, 1551669976955, pax_usdt, None, 0.0, 0, 23, 1, smm, 5, 155166996280, 0.0
1551669977.0611336, 1551669977026, pax_usdt, None, 0.0, 0, 23, 1, smm, 5, 155166997596, 0.0
1551669978.0837848, 1551669977965, pax_usdt, None, 0.0, 0, 23, 1, smm, 3, 155166997799, 0.0
1551669978.0922267, 1551669978062, pax_usdt, None, 0.0, 0, 23, 1, smm, 3, 155166997700, 0.0
1551669979.0278301, 1551669978154, btc_pax, None, 0.0, 0, 23, 1, smm_btc, 3, 155166997801, 0.0
1551669979.0303528, 1551669978228, btc_pax, None, 0.0, 0, 23, 1, smm_btc, 3, 155166997802, 0.0
1551669979.0326715, 1551669978311, btc_pax, None, 0.0, 0, 23, 1, smm1_btc, 3, 155166997803, 0.0
1551669979.0349505, 1551669978992, btc_pax, None, 0.0, 0, 23, 1, smm1_btc, 3, 155166997804, 0.0
1551669979.1149402, 1551669979081, pax_usdt, None, 0.0, 0, 23, 1, smm, 5, 155166997799, 0.0
1551669979.2168314, 1551669979180, btc_pax, None, 0.0, 0, 23, 1, smm_btc, 5, 155166997801, 0.0
1551669980.0637832, 1551669979956, pax_usdt, None, 0.0, 0, 23, 1, smm, 3, 155166997907, 0.0
1551669980.0777838, 1551669980029, pax_usdt, None, 0.0, 0, 23, 1, smm, 5, 155166997700, 0.0
1551669980.9917564, 1551669980959, pax_usdt, None, 0.0, 0, 23, 1, smm, 3, 155166998009, 0.0
1551669981.2469735, 1551669981150, btc_pax, None, 0.0, 0, 23, 1, smm_btc, 3, 155166998110, 0.0
1551669981.2512062, 1551669981217, btc_pax, None, 0.0, 0, 23, 1, smm_btc, 5, 155166997802, 0.0
1551669982.1810603, 1551669982149, btc_pax, None, 0.0, 0, 23, 1, smm_btc, 3, 155166998212, 0.0
1551669985.7376668, 1551669985631, pax_usdt, None, 0.0, 0, 23, 1, smm1, 3, 155166998513, 0.0
1551669985.7402787, 1551669985708, pax_usdt, None, 0.0, 0, 23, 1, smm1, 3, 155166998514, 0.0
1551669986.6537685, 1551669986622, pax_usdt, None, 0.0, 0, 23, 1, smm, 5, 155166997907, 0.0
1551669987.0867193, 1551669987055, btc_pax, None, 0.0, 0, 23, 1, smm_btc, 5, 155166998212, 0.0
1551669987.6583633, 1551669987626, pax_usdt, None, 0.0, 0, 23, 1, smm, 3, 155166998717, 0.0
1551669988.0934405, 1551669988062, btc_pax, None, 0.0, 0, 23, 1, smm_btc, 3, 155166998818, 0.0
1551669989.2430346, 1551669989059, btc_pax, None, 0.0, 0, 23, 1, smm_btc, 5, 155166998818, 0.0
1551669989.2454474, 1551669989135, btc_pax, None, 0.0, 0, 23, 1, smm1_btc, 5, 155166997803, 0.0
1551669989.2477994, 1551669989209, btc_pax, None, 0.0, 0, 23, 1, smm1_btc, 5, 155166997804, 0.0
1551669990.1629474, 1551669990062, btc_pax, None, 0.0, 0, 23, 1, smm_btc, 5, 155166998110, 0.0
1551669990.1653132, 1551669990131, btc_pax, None, 0.0, 0, 23, 1, smm_btc, 3, 155166999023, 0.0
1551669991.1723032, 1551669991068, btc_pax, None, 0.0, 0, 23, 1, smm_btc, 3, 155166999124, 0.0
1551669991.1750908, 1551669991137, btc_pax, None, 0.0, 0, 23, 1, smm_btc, 5, 155166999023, 0.0
1551669992.1027143, 1551669992071, btc_pax, None, 0.0, 0, 23, 1, smm_btc, 3, 155166999226, 0.0
1551669993.1085699, 1551669993075, btc_pax, None, 0.0, 0, 23, 1, smm_btc, 5, 155166999124, 0.0
1551669994.1131146, 1551669994081, btc_pax, None, 0.0, 0, 23, 1, smm_btc, 3, 155166999428, 0.0
1551669995.1132371, 1551669995080, btc_pax, None, 0.0, 0, 23, 1, smm_btc, 5, 155166999428, 0.0
1551669996.109619, 1551669996078, btc_pax, None, 0.0, 0, 23, 1, smm_btc, 3, 155166999630, 0.0
1551669996.5212889, 1551669996482, pax_usdt, None, 0.0, 0, 23, 1, smm1, 5, 155166998513, 0.0
1551669997.1252286, 1551669997090, btc_pax, None, 0.0, 0, 23, 1, smm_btc, 5, 155166999630, 0.0
1551669997.5104809, 1551669997479, pax_usdt, None, 0.0, 0, 23, 1, smm, 5, 155166998717, 0.0
1551669998.1989017, 1551669998089, btc_pax, None, 0.0, 0, 23, 1, smm_btc, 3, 155166999834, 0.0
1551669998.203088, 1551669998166, btc_pax, None, 0.0, 0, 23, 1, smm_btc, 5, 155166999226, 0.0
1551669998.5186298, 1551669998486, pax_usdt, None, 0.0, 0, 23, 1, smm, 3, 155166999836, 0.0
1551669999.28146, 1551669999090, btc_pax, None, 0.0, 0, 23, 1, smm_btc, 3, 155166999937, 0.0
1551669999.2856228, 1551669999160, btc_pax, None, 0.0, 0, 23, 1, smm1_btc, 3, 155166999938, 0.0
1551669999.2897203, 1551669999247, btc_pax, None, 0.0, 0, 23, 1, smm1_btc, 3, 155166999939, 0.0
1551669999.3195531, 1551669999287, btc_pax, None, 0.000783, 0, 23, 1, smm1_btc, 3, 155166999938, 3779.41
1551669999.4227276, 1551669999391, btc_pax, None, 0.003548, 0, 23, 1, smm1_btc, 3, 155166999938, 3779.41
1551669999.5365746, 1551669999505, btc_pax, None, 0.008808, 0, 23, 1, smm1_btc, 3, 155166999938, 3779.41
1551669999.6376257, 1551669999606, btc_pax, None, 0.011573, 0, 23, 1, smm1_btc, 3, 155166999938, 3779.41
1551670001.7394435, 1551670001708, btc_pax, None, 0.014338, 0, 23, 1, smm1_btc, 3, 155166999938, 3779.41
1551670001.897874, 1551670001789, btc_pax, None, 0.0, 0, 23, 1, smm_btc, 5, 155166999834, 0.0
1551670001.9008048, 1551670001865, btc_pax, None, 0.0, 0, 23, 1, smm_btc, 5, 155166999937, 0.0
1551670002.907137, 1551670002803, btc_pax, None, 0.0, 0, 23, 1, smm_btc, 3, 155167000242, 0.0
1551670002.909506, 1551670002876, btc_pax, None, 0.0, 0, 23, 1, smm_btc, 3, 155167000243, 0.0
1551670004.8240664, 1551670004792, btc_pax, None, 0.0, 0, 23, 1, smm_btc, 5, 155167000242, 0.0
1551670005.9027257, 1551670005802, btc_pax, None, 0.0, 0, 23, 1, smm_btc, 3, 155167000545, 0.0
1551670005.9052477, 1551670005873, btc_pax, None, 0.0, 0, 23, 1, smm_btc, 5, 155167000243, 0.0
1551670006.8373535, 1551670006804, btc_pax, None, 0.0, 0, 23, 1, smm_btc, 3, 155167000647, 0.0
1551670008.82428, 1551670008793, btc_pax, None, 0.0, 0, 23, 1, smm_btc, 5, 155167000545, 0.0
1551670009.6868484, 1551670009583, pax_usdt, None, 0.0, 0, 23, 1, smm1, 3, 155167000949, 0.0
1551670009.6890168, 1551670009653, pax_usdt, None, 0.0, 0, 23, 1, smm1, 5, 155166998514, 0.0
1551670010.1986609, 1551670009808, btc_pax, None, 0.0, 0, 23, 1, smm_btc, 3, 155167000951, 0.0
1551670010.2016718, 1551670009986, btc_pax, None, 0.0, 0, 23, 1, smm_btc, 5, 155167000647, 0.0
1551670010.2049434, 1551670010167, btc_pax, None, 0.0, 0, 23, 1, smm1_btc, 5, 155166999939, 0.0
1551670010.6419256, 1551670010608, pax_usdt, None, 0.0, 0, 23, 1, smm, 5, 155166998009, 0.0
1551670010.9130886, 1551670010806, btc_pax, None, 0.0, 0, 23, 1, smm_btc, 5, 155167000951, 0.0
1551670010.915442, 1551670010851, btc_pax, None, 0.2, 0, 23, 1, smm1_btc, 4, 155166999938, 3779.41
1551670010.918706, 1551670010881, btc_pax, None, 0.0, 0, 23, 1, smm_btc, 3, 155167001056, 0.0
1551670011.613542, 1551670011582, pax_usdt, None, 0.0, 0, 23, 1, smm, 3, 155167001157, 0.0
1551670012.6044528, 1551670012572, pax_usdt, None, 0.0, 0, 23, 1, smm, 5, 155167001157, 0.0
1551670013.6148167, 1551670013583, pax_usdt, None, 0.0, 0, 23, 1, smm, 3, 155167001359, 0.0
1551670015.9641395, 1551670015858, btc_pax, None, 0.0, 0, 23, 1, smm_btc, 3, 155167001560, 0.0
1551670015.9667108, 1551670015930, btc_pax, None, 0.0, 0, 23, 1, smm_btc, 5, 155167001056, 0.0
1551670016.977621, 1551670016869, btc_pax, None, 0.0, 0, 23, 1, smm_btc, 5, 155167001560, 0.0
1551670016.9816818, 1551670016938, btc_pax, None, 0.0, 0, 23, 1, smm_btc, 3, 155167001663, 0.0
1551670017.899398, 1551670017863, btc_pax, None, 0.0, 0, 23, 1, smm_btc, 3, 155167001764, 0.0
1551670018.9899042, 1551670018877, pax_usdt, None, 0.0, 0, 23, 1, smm, 5, 155166999836, 0.0
1551670018.9921992, 1551670018958, btc_pax, None, 0.0, 0, 23, 1, smm_btc, 5, 155167001764, 0.0
1551670020.1992078, 1551670019870, pax_usdt, None, 0.0, 0, 23, 1, smm1, 5, 155167000949, 0.0
1551670020.2016761, 1551670019942, pax_usdt, None, 0.0, 0, 23, 1, smm1, 3, 155167001968, 0.0
1551670020.203695, 1551670020022, pax_usdt, None, 0.0, 0, 23, 1, smm, 3, 155167001969, 0.0
1551670020.2057064, 1551670020098, btc_pax, None, 0.0, 0, 23, 1, smm_btc, 3, 155167002070, 0.0
1551670020.2079194, 1551670020168, btc_pax, None, 0.0, 0, 23, 1, smm1_btc, 3, 155167002071, 0.0
1551670020.3316216, 1551670020301, pax_usdt, None, 10.45, 0, 23, 1, smm1, 3, 155167001968, 1.0057
1551670020.3811643, 1551670020349, pax_usdt, None, 20.9, 0, 23, 1, smm1, 3, 155167001968, 1.0057
1551670020.4414005, 1551670020410, pax_usdt, None, 31.35, 0, 23, 1, smm1, 3, 155167001968, 1.0057
1551670020.5074787, 1551670020467, pax_usdt, None, 41.8, 0, 23, 1, smm1, 3, 155167001968, 1.0057
1551670020.5495489, 1551670020518, pax_usdt, None, 52.25, 0, 23, 1, smm1, 3, 155167001968, 1.0057
1551670021.9068787, 1551670021874, btc_pax, None, 0.0, 0, 23, 1, smm_btc, 5, 155167002070, 0.0
1551670022.5927365, 1551670022473, pax_usdt, None, 62.7, 0, 23, 1, smm1, 3, 155167001968, 1.0057
1551670022.5949953, 1551670022517, pax_usdt, None, 73.15, 0, 23, 1, smm1, 3, 155167001968, 1.0057
1551670022.5973985, 1551670022560, pax_usdt, None, 0.0, 0, 23, 1, smm, 5, 155167001359, 0.0
1551670022.6001534, 1551670022561, pax_usdt, None, 83.6, 0, 23, 1, smm1, 3, 155167001968, 1.0057
1551670022.6452494, 1551670022614, pax_usdt, None, 94.05, 0, 23, 1, smm1, 3, 155167001968, 1.0057
1551670022.696942, 1551670022666, pax_usdt, None, 104.5, 0, 23, 1, smm1, 3, 155167001968, 1.0057
1551670023.0130546, 1551670022981, btc_pax, None, 0.0, 0, 23, 1, smm_btc, 3, 155167002274, 0.0
1551670023.5829594, 1551670023552, pax_usdt, None, 0.0, 0, 23, 1, smm, 3, 155167002375, 0.0
1551670024.576414, 1551670024545, pax_usdt, None, 114.95, 0, 23, 1, smm1, 3, 155167001968, 1.0057
1551670024.640997, 1551670024610, pax_usdt, None, 125.4, 0, 23, 1, smm1, 3, 155167001968, 1.0057
1551670024.6914113, 1551670024660, pax_usdt, None, 135.85, 0, 23, 1, smm1, 3, 155167001968, 1.0057
1551670024.7318697, 1551670024700, pax_usdt, None, 146.3, 0, 23, 1, smm1, 3, 155167001968, 1.0057
1551670024.7888162, 1551670024757, pax_usdt, None, 156.75, 0, 23, 1, smm1, 3, 155167001968, 1.0057
1551670024.90765, 1551670024876, btc_pax, None, 0.0, 0, 23, 1, smm_btc, 5, 155167001663, 0.0
1551670025.908712, 1551670025877, btc_pax, None, 0.0, 0, 23, 1, smm_btc, 3, 155167002577, 0.0
1551670026.699358, 1551670026668, pax_usdt, None, 167.2, 0, 23, 1, smm1, 3, 155167001968, 1.0057
1551670026.7454174, 1551670026714, pax_usdt, None, 177.65, 0, 23, 1, smm1, 3, 155167001968, 1.0057
1551670026.7959218, 1551670026764, pax_usdt, None, 188.1, 0, 23, 1, smm1, 3, 155167001968, 1.0057
1551670026.8454897, 1551670026814, pax_usdt, None, 198.55, 0, 23, 1, smm1, 3, 155167001968, 1.0057
1551670026.8946192, 1551670026864, pax_usdt, None, 209.0, 0, 23, 1, smm1, 3, 155167001968, 1.0057
1551670028.983122, 1551670028875, btc_pax, None, 0.0, 0, 23, 1, smm_btc, 5, 155167002274, 0.0
1551670028.9881244, 1551670028950, btc_pax, None, 0.0, 0, 23, 1, smm_btc, 5, 155167002577, 0.0
1551670029.9873352, 1551670029875, btc_pax, None, 0.0, 0, 23, 1, smm_btc, 3, 155167002980, 0.0
1551670029.9896111, 1551670029953, btc_pax, None, 0.0, 0, 23, 1, smm_btc, 3, 155167002981, 0.0
1551670030.2049515, 1551670030034, pax_usdt, None, 0.0, 0, 23, 1, smm1, 3, 155167002982, 0.0
1551670030.2071376, 1551670030105, pax_usdt, None, 209.0, 0, 23, 1, smm1, 5, 155167001968, 0.0
1551670030.209935, 1551670030171, pax_usdt, None, 0.0, 0, 23, 1, smm, 5, 155167001969, 0.0
1551670031.015245, 1551670030906, btc_pax, None, 0.0, 0, 23, 1, smm1_btc, 3, 155167003085, 0.0
1551670031.0175846, 1551670030983, btc_pax, None, 0.0, 0, 23, 1, smm1_btc, 5, 155167002071, 0.0
1551670031.164695, 1551670031063, pax_usdt, None, 0.0, 0, 23, 1, smm, 3, 155167003187, 0.0
1551670031.1672127, 1551670031133, pax_usdt, None, 0.0, 0, 23, 1, smm, 5, 155167002375, 0.0
1551670031.9092588, 1551670031876, btc_pax, None, 0.0, 0, 23, 1, smm_btc, 5, 155167002980, 0.0
1551670032.1197772, 1551670032019, pax_usdt, None, 0.0, 0, 23, 1, smm, 5, 155167003187, 0.0
1551670032.1222248, 1551670032089, pax_usdt, None, 0.0, 0, 23, 1, smm, 3, 155167003291, 0.0
1551670032.9882033, 1551670032886, btc_pax, None, 0.0, 0, 23, 1, smm_btc, 3, 155167003292, 0.0
1551670032.990528, 1551670032954, btc_pax, None, 0.0, 0, 23, 1, smm_btc, 5, 155167002981, 0.0
1551670033.0831544, 1551670033043, pax_usdt, None, 0.0, 0, 23, 1, smm, 3, 155167003294, 0.0
1551670034.991109, 1551670034886, btc_pax, None, 0.0, 0, 23, 1, smm_btc, 5, 155167003292, 0.0
1551670034.9934247, 1551670034956, btc_pax, None, 0.0, 0, 23, 1, smm_btc, 3, 155167003496, 0.0
1551670035.9217033, 1551670035889, btc_pax, None, 0.0, 0, 23, 1, smm_btc, 3, 155167003597, 0.0
1551670036.9246655, 1551670036893, btc_pax, None, 0.0, 0, 23, 1, smm_btc, 5, 155167003597, 0.0
1551670037.9279532, 1551670037896, btc_pax, None, 0.0, 0, 23, 1, smm_btc, 3, 155167003799, 0.0
1551670039.001212, 1551670038900, btc_pax, None, 0.0, 0, 23, 1, smm_btc, 5, 155167003799, 0.0
1551670039.00508, 1551670038971, btc_pax, None, 0.0, 0, 23, 1, smm_btc, 5, 155167003496, 0.0
1551670041.0749052, 1551670040899, btc_pax, None, 0.0, 0, 23, 1, smm_btc, 3, 155167004002, 0.0
1551670041.077164, 1551670040967, btc_pax, None, 0.0, 0, 23, 1, smm_btc, 3, 155167004003, 0.0
1551670041.2248824, 1551670041040, btc_pax, None, 0.0, 0, 23, 1, smm1_btc, 3, 155167004004, 0.0
1551670041.2274466, 1551670041126, pax_usdt, None, 0.0, 0, 23, 1, smm1, 5, 155167002982, 0.0
1551670041.2303529, 1551670041193, pax_usdt, None, 0.0, 0, 23, 1, smm1, 3, 155167004106, 0.0
1551670041.9500263, 1551670041918, btc_pax, None, 0.0, 0, 23, 1, smm_btc, 5, 155167004002, 0.0
1551670043.0145772, 1551670042900, btc_pax, None, 0.0, 0, 23, 1, smm_btc, 3, 155167004208, 0.0
1551670043.0168972, 1551670042978, btc_pax, None, 0.0, 0, 23, 1, smm_btc, 5, 155167004003, 0.0
1551670043.1086695, 1551670043078, btc_pax, None, 0.115, 0, 23, 1, smm_btc, 3, 155167004208, 3779.53
1551670043.931552, 1551670043900, btc_pax, None, 0.0, 0, 23, 1, smm_btc, 3, 155167004310, 0.0
1551670044.6994355, 1551670044668, btc_pax, None, 0.715, 0, 23, 1, smm_btc, 3, 155167004208, 3779.53
1551670044.9422534, 1551670044910, btc_pax, None, 0.0, 0, 23, 1, smm_btc, 5, 155167004310, 0.0
1551670045.1067965, 1551670045076, btc_pax, None, 0.8, 0, 23, 1, smm_btc, 4, 155167004208, 3779.53
1551670045.1081445, 1551670045076, btc_pax, None, 0.115, 0, 23, 1, smm1_btc, 3, 155167004004, 3779.54
1551670045.1352303, 1551670045104, btc_pax, None, 0.2, 0, 23, 1, smm1_btc, 4, 155167004004, 3779.54
1551670045.9440987, 1551670045912, btc_pax, None, 0.0, 0, 23, 1, smm_btc, 3, 155167004512, 0.0
1551670049.0327058, 1551670048918, btc_pax, None, 0.0, 0, 23, 1, smm_btc, 5, 155167004512, 0.0
1551670049.0349321, 1551670048999, btc_pax, None, 0.0, 0, 23, 1, smm_btc, 3, 155167004814, 0.0
1551670049.658536, 1551670049627, pax_usdt, None, 0.0, 0, 23, 1, smm, 5, 155167003294, 0.0
1551670050.6631613, 1551670050630, pax_usdt, None, 0.0, 0, 23, 1, smm, 5, 155167003291, 0.0
1551670050.9491663, 1551670050918, btc_pax, None, 0.0, 0, 23, 1, smm_btc, 3, 155167005017, 0.0
1551670051.2382321, 1551670051207, pax_usdt, None, 10.45, 0, 23, 1, smm1, 3, 155167004106, 1.0057
1551670051.2825475, 1551670051252, pax_usdt, None, 20.9, 0, 23, 1, smm1, 3, 155167004106, 1.0057
1551670051.331381, 1551670051300, pax_usdt, None, 31.35, 0, 23, 1, smm1, 3, 155167004106, 1.0057
1551670051.3795133, 1551670051348, pax_usdt, None, 41.8, 0, 23, 1, smm1, 3, 155167004106, 1.0057
1551670051.4242995, 1551670051393, pax_usdt, None, 52.25, 0, 23, 1, smm1, 3, 155167004106, 1.0057
1551670051.824791, 1551670051634, pax_usdt, None, 0.0, 0, 23, 1, smm1, 3, 155167005118, 0.0
1551670051.8273497, 1551670051713, pax_usdt, None, 0.0, 0, 23, 1, smm, 3, 155167005119, 0.0
1551670051.8296363, 1551670051793, pax_usdt, None, 0.0, 0, 23, 1, smm, 3, 155167005120, 0.0
1551670051.9621203, 1551670051931, btc_pax, None, 0.0, 0, 23, 1, smm1_btc, 5, 155167003085, 0.0
1551670052.766592, 1551670052734, pax_usdt, None, 0.0, 0, 23, 1, smm, 5, 155167005119, 0.0
1551670053.6655161, 1551670053635, pax_usdt, None, 0.0, 0, 23, 1, smm, 3, 155167005323, 0.0
1551670055.1837697, 1551670055152, btc_pax, None, 0.0, 0, 23, 1, smm_btc, 5, 155167005017, 0.0
1551670057.1948688, 1551670057164, btc_pax, None, 0.0, 0, 23, 1, smm_btc, 3, 155167005725, 0.0
1551670062.2593803, 1551670062084, pax_usdt, None, 0.0, 0, 23, 1, smm1, 5, 155167005118, 0.0
1551670062.261771, 1551670062156, btc_pax, None, 0.0, 0, 23, 1, smm1_btc, 3, 155167006227, 0.0
1551670062.2638037, 1551670062228, btc_pax, None, 0.0, 0, 23, 1, smm1_btc, 3, 155167006228, 0.0
1551670063.1089945, 1551670063074, pax_usdt, None, 0.0, 0, 23, 1, smm, 5, 155167005323, 0.0
1551670063.3245223, 1551670063293, btc_pax, None, 0.2, 0, 23, 1, smm1_btc, 4, 155167006228, 3780.29
1551670064.1174505, 1551670064084, pax_usdt, None, 0.0, 0, 23, 1, smm, 3, 155167006430, 0.0
1551670068.2479727, 1551670068146, btc_pax, None, 0.0, 0, 23, 1, smm_btc, 5, 155167005725, 0.0
1551670068.2502923, 1551670068214, btc_pax, None, 0.0, 0, 23, 1, smm_btc, 5, 155167004814, 0.0
1551670070.2571511, 1551670070147, btc_pax, None, 0.0, 0, 23, 1, smm_btc, 3, 155167007033, 0.0
1551670070.259365, 1551670070222, btc_pax, None, 0.0, 0, 23, 1, smm_btc, 3, 155167007034, 0.0
1551670072.6463525, 1551670072543, pax_usdt, None, 0.0, 0, 23, 1, smm1, 3, 155167007235, 0.0
1551670072.6488595, 1551670072614, pax_usdt, None, 52.25, 0, 23, 1, smm1, 5, 155167004106, 0.0
1551670073.184204, 1551670073151, btc_pax, None, 0.0, 0, 23, 1, smm1_btc, 5, 155167006227, 0.0
1551670073.5825813, 1551670073539, pax_usdt, None, 0.0, 0, 23, 1, smm, 5, 155167005120, 0.0
1551670076.5391328, 1551670076437, pax_usdt, None, 0.0, 0, 23, 1, smm1, 5, 155167007235, 0.0
1551670076.61785, 1551670076511, btc_pax, None, 0.0, 0, 23, 1, smm_btc, 5, 155167007033, 0.0
1551670076.6949956, 1551670076586, btc_pax, None, 0.0, 0, 23, 1, smm_btc, 5, 155167007034, 0.0
1551670076.699082, 1551670076662, pax_usdt, None, 0.0, 0, 23, 1, smm, 5, 155167006430, 0.0
